id;id_usuario_registro;data_registro;nome_arquivo;conteudo;conteudo_content_type
1;9204;2020-02-08T04:15:02;generating;../fake-data/blob/hipster.png;image/png
2;19692;2020-02-07T22:13:33;violet Tuna;../fake-data/blob/hipster.png;image/png
3;22484;2020-02-08T00:02:13;copy XSS Haven;../fake-data/blob/hipster.png;image/png
4;8574;2020-02-08T01:36:10;Solomon Islands Extensions Baht;../fake-data/blob/hipster.png;image/png
5;59875;2020-02-08T05:24:04;turquoise;../fake-data/blob/hipster.png;image/png
6;51272;2020-02-07T18:15:03;Barbados Dollar open system payment;../fake-data/blob/hipster.png;image/png
7;9215;2020-02-08T09:31:36;Granite Universal;../fake-data/blob/hipster.png;image/png
8;52403;2020-02-08T02:25:48;Internal Analyst;../fake-data/blob/hipster.png;image/png
9;14890;2020-02-07T20:08:27;Steel microchip Ohio;../fake-data/blob/hipster.png;image/png
10;76922;2020-02-08T07:51:12;multi-byte Ergonomic Soft Cheese;../fake-data/blob/hipster.png;image/png
