id;titulo;descricao
1;Ecuador multimedia strategic;../fake-data/blob/hipster.txt
2;multi-byte indexing;../fake-data/blob/hipster.txt
3;synthesizing Cambridgeshire didactic;../fake-data/blob/hipster.txt
4;Rubber copy Benin;../fake-data/blob/hipster.txt
5;Codes specifically reserved for testing purposes Organic panel;../fake-data/blob/hipster.txt
6;panel Libyan Dinar;../fake-data/blob/hipster.txt
7;connect out-of-the-box;../fake-data/blob/hipster.txt
8;withdrawal;../fake-data/blob/hipster.txt
9;open architecture overriding;../fake-data/blob/hipster.txt
10;black;../fake-data/blob/hipster.txt
