id;nome;descricao;empresa_id
1;Specialist;../fake-data/blob/hipster.txt;1
2;COM Dynamic Strategist;../fake-data/blob/hipster.txt;2
3;Consultant Savings Account Antarctica (the territory South of 60 deg S);../fake-data/blob/hipster.txt;3
4;override;../fake-data/blob/hipster.txt;4
5;SSL;../fake-data/blob/hipster.txt;5
6;Saint Helena Pound Customizable National;../fake-data/blob/hipster.txt;6
7;hard drive Home Loan Account 1080p;../fake-data/blob/hipster.txt;7
8;Cliff;../fake-data/blob/hipster.txt;8
9;withdrawal Tanzanian Shilling;../fake-data/blob/hipster.txt;9
10;parse withdrawal Cambridgeshire;../fake-data/blob/hipster.txt;10
