id;nome;descricao
1;full-range navigating;../fake-data/blob/hipster.txt
2;deposit Future heuristic;../fake-data/blob/hipster.txt
3;Latvia Home;../fake-data/blob/hipster.txt
4;Soft Cambridgeshire;../fake-data/blob/hipster.txt
5;digital Infrastructure Compatible;../fake-data/blob/hipster.txt
6;architectures Intelligent;../fake-data/blob/hipster.txt
7;Shirt;../fake-data/blob/hipster.txt
8;feed Bedfordshire;../fake-data/blob/hipster.txt
9;Customer-focused AGP Fantastic Frozen Shoes;../fake-data/blob/hipster.txt
10;Incredible Wooden Car Ergonomic Island;../fake-data/blob/hipster.txt
