id;id_usuario_registro;titulo;descricao;data_registro;data_inicio;data_fim;auditor
1;27910;Cyprus Baby JBOD;../fake-data/blob/hipster.txt;2020-03-08T16:58:22;2020-03-08T21:41:20;2020-03-09T08:24:29;intermediate Incredible granular
2;77448;support Pines alarm;../fake-data/blob/hipster.txt;2020-03-08T23:51:26;2020-03-08T15:30:10;2020-03-08T22:17:48;Auto Loan Account GB
3;47641;Decentralized Small Concrete Shoes;../fake-data/blob/hipster.txt;2020-03-08T15:47:25;2020-03-09T06:49:04;2020-03-09T04:53:12;Movies Car
4;85885;deploy;../fake-data/blob/hipster.txt;2020-03-09T06:44:09;2020-03-08T22:02:46;2020-03-09T00:46:47;Functionality COM Gorgeous Metal Shirt
5;27674;Burundi Practical Metal Sausages Strategist;../fake-data/blob/hipster.txt;2020-03-08T10:39:56;2020-03-08T19:43:08;2020-03-09T07:54:08;generating moratorium contingency
6;19246;1080p Maine;../fake-data/blob/hipster.txt;2020-03-08T21:26:41;2020-03-09T08:29:53;2020-03-08T11:53:41;Reverse-engineered leading-edge
7;46821;synergistic generating;../fake-data/blob/hipster.txt;2020-03-08T15:32:02;2020-03-09T02:34:12;2020-03-09T03:40:48;Home Loan Account Planner Kansas
8;34932;Home Loan Account;../fake-data/blob/hipster.txt;2020-03-09T01:50:26;2020-03-09T02:23:16;2020-03-08T19:17:57;salmon
9;65012;Assistant;../fake-data/blob/hipster.txt;2020-03-08T14:16:34;2020-03-08T17:26:22;2020-03-09T05:00:30;Fundamental
10;46521;East Caribbean Dollar;../fake-data/blob/hipster.txt;2020-03-08T13:34:47;2020-03-09T07:10:02;2020-03-08T10:13:08;Jewelery Integrated
