id;ordem;titulo;descricao;checklist_id
1;3140;Delaware Fresh;../fake-data/blob/hipster.txt;1
2;46035;Square;../fake-data/blob/hipster.txt;2
3;76855;East Caribbean Dollar Tasty iterate;../fake-data/blob/hipster.txt;3
4;55920;transmitter withdrawal;../fake-data/blob/hipster.txt;4
5;79303;generating transmit frictionless;../fake-data/blob/hipster.txt;5
6;39481;Cambridgeshire withdrawal;../fake-data/blob/hipster.txt;6
7;90604;solution-oriented pixel;../fake-data/blob/hipster.txt;7
8;96171;Avon Handcrafted Checking Account;../fake-data/blob/hipster.txt;8
9;99782;District platforms infomediaries;../fake-data/blob/hipster.txt;9
10;69997;indexing;../fake-data/blob/hipster.txt;10
