id;titulo;descricao;habilitado
1;Divide;../fake-data/blob/hipster.txt;true
2;Bedfordshire violet;../fake-data/blob/hipster.txt;false
3;South Dakota;../fake-data/blob/hipster.txt;true
4;matrix Outdoors integrate;../fake-data/blob/hipster.txt;false
5;Cross-platform infrastructures;../fake-data/blob/hipster.txt;true
6;compressing firewall evolve;../fake-data/blob/hipster.txt;false
7;Garden didactic Steel;../fake-data/blob/hipster.txt;false
8;Optimization Personal Loan Account Sausages;../fake-data/blob/hipster.txt;true
9;Rubber;../fake-data/blob/hipster.txt;false
10;Bacon transmit;../fake-data/blob/hipster.txt;true
