id;nome_arquivo;conteudo;conteudo_content_type
1;Avon;../fake-data/blob/hipster.png;image/png
2;Georgia generate violet;../fake-data/blob/hipster.png;image/png
3;Savings Account;../fake-data/blob/hipster.png;image/png
4;monitor success Applications;../fake-data/blob/hipster.png;image/png
5;Generic;../fake-data/blob/hipster.png;image/png
6;Solomon Islands Extensions Baht;../fake-data/blob/hipster.png;image/png
7;markets turquoise;../fake-data/blob/hipster.png;image/png
8;International Barbados Dollar;../fake-data/blob/hipster.png;image/png
9;Pakistan Rupee;../fake-data/blob/hipster.png;image/png
10;Gorgeous Checking Account;../fake-data/blob/hipster.png;image/png
